[
  {
    "name": "DITTAZ",
    "command": "ttt",
    "query": "",
    "time": "22:02:50",
    "number": "6285156137901",
    "group": "Update Script "
  },
  {
    "name": "DITTAZ",
    "command": "delttt",
    "query": "",
    "time": "22:03:19",
    "number": "6285156137901",
    "group": "Update Script "
  },
  {
    "name": "DITTAZ",
    "command": "ttt",
    "query": "",
    "time": "22:06:36",
    "number": "6285156137901",
    "group": "𝗘𝗫𝗧𝗥𝗘𝗔𝗠"
  },
  {
    "name": "DITTAZ",
    "command": "terabox",
    "query": "https://freeterabox.com/s/1rcO7B0Ru0b9i-_5Vqye5IQ",
    "time": "22:55:16",
    "number": "6285156137901",
    "group": "Private chat"
  },
  {
    "name": "DITTAZ",
    "command": "terabox",
    "query": "https://freeterabox.com/s/1rcO7B0Ru0b9i-_5Vqye5IQ",
    "time": "22:59:12",
    "number": "6285156137901",
    "group": "Private chat"
  },
  {
    "name": "DITTAZ",
    "command": "gp",
    "query": "setopen",
    "time": "23:01:04",
    "number": "6285156137901",
    "group": "Private chat"
  },
  {
    "name": "DITTAZ",
    "command": "gp",
    "query": "setclose",
    "time": "23:01:11",
    "number": "6285156137901",
    "group": "Private chat"
  },
  {
    "name": "DITTAZ",
    "command": "gp",
    "query": "listtime",
    "time": "23:02:50",
    "number": "6285156137901",
    "group": "Private chat"
  },
  {
    "name": "DITTAZ",
    "command": "getfile",
    "query": "handler.js",
    "time": "23:09:17",
    "number": "6285156137901",
    "group": "Private chat"
  }
]